ts_utc	clock_check_sha256	status	server	server_utc	local_midpoint_utc	offset_ms	rtt_ms	windows_source	method	git_commit	note
2026-08-29T15:17:09Z	649efb43f725016159c2bf7591260a01c722700c6ad9ae7c866c77cbf019e0d7	ok	https://huggingface.co/api/models?limit=1	2026-08-29T15:17:08Z	2026-08-29T15:17:09Z	-1585.097	243.123	local_cmos_clock	https_date	16f1162ad4ed8b05abc72147c65db79375f9b3a1	HTTPS Date 헤더는 초 단위이므로 5초 이내 여부만 판정한다
2026-08-30T02:26:47Z	ca1968f8d81b5e90b9eee52f9df99189d5a3789593adbef9b40a2867a37167f9	ok	https://huggingface.co/api/models?limit=1	2026-08-30T02:26:47Z	2026-08-30T02:26:47Z	-849.878	258.749	w32tm_unavailable_2147943462	https_date	dc53ceb9b5f1e69b682aa5c4e6eb44a3966729f6	HTTPS Date 헤더는 초 단위이므로 5초 이내 여부만 판정한다
2026-08-30T02:50:45Z	58b733312a2ae64ed01218716e5e6832b952d0d58d88a4a2bc996826c2599a26	ok	https://huggingface.co/api/models?limit=1	2026-08-30T02:50:44Z	2026-08-30T02:50:45Z	-1215.533	236.71	w32time_synchronized_source	https_date	cf1d1667fe84138471718cfd1169557350a43d85	HTTPS Date 헤더는 초 단위이므로 5초 이내 여부만 판정한다
2026-08-30T04:04:50Z	5cb3ef592a3f1b0fe2ca40eb25734a873e575448dc714ba361eb18c9988e8140	ok	https://huggingface.co/api/models?limit=1	2026-08-30T04:04:50Z	2026-08-30T04:04:50Z	-312.917	269.908	w32time_synchronized_source	https_date	ab0540ad1dcb9471e1d9e56e59cb0a1ce459678c	HTTPS Date 헤더는 초 단위이므로 5초 이내 여부만 판정한다
2026-08-30T05:25:11Z	60060cc710781a728dfc5a93be96341f993453eac9ca71ba49228443a3ea213b	ok	https://huggingface.co/api/models?limit=1	2026-08-30T05:25:11Z	2026-08-30T05:25:11Z	-307.531	256.334	w32time_synchronized_source	https_date	ab0540ad1dcb9471e1d9e56e59cb0a1ce459678c	HTTPS Date 헤더는 초 단위이므로 5초 이내 여부만 판정한다
2026-08-31T05:12:32Z	6da7fa362575dd8568c165d74fb10d8de5e19d5e95aa9f1c326e294ad6b65fe1	ok	https://huggingface.co/api/models?limit=1	2026-08-31T05:12:31Z	2026-08-31T05:12:31Z	-902.667	286.273	w32time_synchronized_source	https_date	c39627c2f5f892cbe4f1a30bc408bbac7a5c23b8	HTTPS Date 헤더는 초 단위이므로 5초 이내 여부만 판정한다
2026-08-31T05:54:34Z	cdbe0109e86d0ff9720eb88ba0b835df51d8615dc5b4ff128e4df9fe6a80265b	ok	https://huggingface.co/api/models?limit=1	2026-08-31T05:54:34Z	2026-08-31T05:54:34Z	-253.461	246.985	w32time_synchronized_source	https_date	8bfd1230c7f9db8c5c702ab0e46a990258bf3227	HTTPS Date 헤더는 초 단위이므로 5초 이내 여부만 판정한다
2026-09-01T03:37:27Z	9bd2148fdb076cc3040c2e2fa395ceae17b2cd3cbb4a2300aefae8a8b1d7fe52	ok	https://huggingface.co/api/models?limit=1	2026-09-01T03:37:27Z	2026-09-01T03:37:27Z	-843.635	244.32	w32tm_unavailable_2147943462	https_date	9ded083e16ba399436426fed989bad844a11cc63	HTTPS Date 헤더는 초 단위이므로 5초 이내 여부만 판정한다
2026-09-02T00:48:22Z	5261c49313313d193bd6d7dfdd041f587c8b64c8cbf612615ea148dd1712d306	ok	https://huggingface.co/api/models?limit=1	2026-09-02T00:48:21Z	2026-09-02T00:48:22Z	-1289.193	248.092	w32tm_unavailable_2147943462	https_date	de6770191c92671038743efdaaa2f6118d40a848	HTTPS Date 헤더는 초 단위이므로 5초 이내 여부만 판정한다
2026-09-02T01:46:40Z	d92112a8147c57845d4bfda60e221c27a04e289c9c88940487073f320d8fc66d	ok	https://huggingface.co/api/models?limit=1	2026-09-02T01:46:38Z	2026-09-02T01:46:39Z	-1912.09	229.77	w32tm_unavailable_2147943462	https_date	fc7f3ebee10926591c2557c926b4b58c86069060	HTTPS Date 헤더는 초 단위이므로 5초 이내 여부만 판정한다
2026-09-02T02:25:53Z	1ae2e97794dd0e54646ec02f02d1ada00b35b646ac2f0f06021591d4a0401198	ok	https://huggingface.co/api/models?limit=1	2026-09-02T02:25:51Z	2026-09-02T02:25:53Z	-2402.037	258.739	w32tm_unavailable_2147943462	https_date	7b1b1213437039147219f14f05a3557ff2aee39f	HTTPS Date 헤더는 초 단위이므로 5초 이내 여부만 판정한다
2026-09-02T03:47:12Z	30060b8958785b2b3b24dc522c41aca5f61a9f75d545b5dfb781697d92aebaa1	ok	https://huggingface.co/api/models?limit=1	2026-09-02T03:47:10Z	2026-09-02T03:47:11Z	-1999.832	262.331	w32tm_unavailable_2147943462	https_date	d4d36de7202d5c9f0cd5f97ed6c423b9bb7f9cda	HTTPS Date 헤더는 초 단위이므로 5초 이내 여부만 판정한다
2026-09-07T02:32:00Z	312c3e9c08cde8a4a73fae3ff2c8035a0edc9436685af1b4d7c8f5662bf664c5	ok	https://huggingface.co/api/models?limit=1	2026-09-07T02:31:59Z	2026-09-07T02:32:00Z	-1129.291	242.776	w32tm_unavailable_2147943462	https_date	eed02d1e35b999db3358f3fb3e436533b5277e0a	HTTPS Date 헤더는 초 단위이므로 5초 이내 여부만 판정한다
2026-09-07T02:55:35Z	71bbfc3dea64528a8b56e2802620752757cccc398c8d44998a9968cf698c4d35	ok	https://huggingface.co/api/models?limit=1	2026-09-07T02:55:34Z	2026-09-07T02:55:35Z	-1254.611	222.896	w32tm_unavailable_2147943462	https_date	af42149951a138653f85f3c609e37d42f4cd0a87	HTTPS Date 헤더는 초 단위이므로 5초 이내 여부만 판정한다
2026-09-14T04:32:29Z	1ab9861c131710e81ac6f38eeece47751a544f574238207f511a4861bd910df8	ok	https://huggingface.co/api/models?limit=1	2026-09-14T04:32:27Z	2026-09-14T04:32:29Z	-2382.409	261.298	w32tm_unavailable_2147943462	https_date	beba121aa6245a518d1079d5e2ef816512c65356	HTTPS Date 헤더는 초 단위이므로 5초 이내 여부만 판정한다
2026-09-14T06:13:13Z	b23b390daa386ce563024975f8a61f2097b219cd091a7fcde6c79555b245520e	ok	https://huggingface.co/api/models?limit=1	2026-09-14T06:13:12Z	2026-09-14T06:13:13Z	-1685.953	239.449	w32tm_unavailable_2147943462	https_date	5803a18d7a0cffaefb4ee90db283d9e5dc113b0f	HTTPS Date 헤더는 초 단위이므로 5초 이내 여부만 판정한다
2026-09-15T04:34:34Z	de31bee96e24f60f05c5cfe1e1a13a11bee3d28bb7717892041545742d07cf7e	ok	https://huggingface.co/api/models?limit=1	2026-09-15T04:34:33Z	2026-09-15T04:34:33Z	-895.586	261.363	w32tm_unavailable_2147943462	https_date	af9b25312bebbd77c49042227cf9be7c088be11f	HTTPS Date 헤더는 초 단위이므로 5초 이내 여부만 판정한다
2026-09-16T03:40:47Z	2c7daa78d90621fdf89a4e3f462c8564038a1d615925a50ddacaa3c214ed78f8	ok	https://huggingface.co/api/models?limit=1	2026-09-16T03:40:46Z	2026-09-16T03:40:47Z	-1053.709	262.185	w32tm_unavailable_2147943462	https_date	7683b83cc05dbd704e01a34ae20898c702f0fe09	HTTPS Date 헤더는 초 단위이므로 5초 이내 여부만 판정한다
