sample_id	url	host	text_preview	predicted_domain	gold_domain	reviewer_note
s0001	http://blog.libro.co.kr/dy5442/981478	blog.libro.co.kr	왜 항우와 유방은 홍문에서 만났을까? 신동준 글 / 안희숙 그림  (주)자음과모음 펴냄 고우영 선생의 초한지를 읽고 있었다. 그래서 이 책이 눈에 들어왔던 것 같다. 내가 알지 못했던 역사를 알아가는 것은 기분 좋은 일이다. 8권으로 이루어진 고우영 선생의 책은 굉장히 많은 이야기를 담고 있지만, 만화이기 때문에 허구와 	blog	blog	
s0002	http://www.3ds.com/kr/education/3ds-university/testing-and-certification/how-to-get-certified/?xtmc=Certified_Professional&xtcr=1	www.3ds.com	프로그램 특성에 따라 따라야 하는 단계가 약간 달라질 수 있습니다. 자세한 내용은 프로그램 페이지를 참조하십시오. 응시자 데이터 저장소 응시자의 개인 데이터 및 시험 데이터는 미국의 Pearson VUE 데이터베이스와 프랑스의 다쏘시스템 데이터베이스에 동시에 저장됩니다. 다쏘시스템은 응시자에게 다쏘시스템이 보유한 개인 데	ko_en_mixed	technical	
s0003	http://lync.microsoft.com/ko-kr/Product/Workloads/Pages/conferencing-software.aspx	lync.microsoft.com	향상된 사용자 환경 화상, 한 번의 클릭으로 실행하는 데스크톱 공유, 손쉬운 모임 요청, 그리고 휴대폰으로 회의를 시작하여 PC에서 계속 진행하는 기능까지 있어서 회의를 매우 용이하게 진행할 수 있습니다. Lync 2010은 단일 클라이언트 환경을 제공하므로 참가자와 모임 주최자에게 협업과 온라인 모임이 더욱 편리해집니다	web_general	technical	
s0004	http://www.tripadvisor.co.kr/Restaurant_Review-g187422-d1960182-Reviews-Jenzighaus-Jena_Thuringia.html	www.tripadvisor.co.kr	지원하지 않는 브라우저를 사용하고 계시므로,트립어드바이저 웹사이트가 올바르게 표시되지 않을 수도 있습니다. 당사는 다음의 브라우저들을 지원합니다.: Windows: Internet Explorer, Mozilla Firefox, Google Chrome. Mac: Safari. Am Jenzig 99, 07749 Jena	ko_en_mixed	technical	
s0005	http://www.tripadvisor.co.kr/Attraction_Review-g35790-d4415296-Reviews-SoDo_Theatre-Champaign_Champaign_Urbana_Illinois.html	www.tripadvisor.co.kr	지원하지 않는 브라우저를 사용하고 계시므로,트립어드바이저 웹사이트가 올바르게 표시되지 않을 수도 있습니다. 당사는 다음의 브라우저들을 지원합니다.: Windows: Internet Explorer, Mozilla Firefox, Google Chrome. Mac: Safari. 114 S. Neil Street, Cham	ko_en_mixed	technical	
s0006	http://support.microsoft.com/kb/831733/ko	support.microsoft.com	기술 자료: 831733 - 이 문서가 적용되는 제품 보기. Microsoft Windows Server 2003에서 프로그램을 실행하려면 다음 계정으로 실행 을 사용할 때 프로그램을 실행하는 사용자가 로그온한 사용자 수 없습니다. 이 시나리오에서는 핸들 누수가 발생하고 다음 현상 중 하나 이상이 발생할 수 있습니다. 핫	technical	technical	
s0007	http://www.breguet.com/kr/REINE-DE-NAPLES7	www.breguet.com	This where the flash should stand... 브레게 “레인 드 네이플(REINE DE NAPLES)” 전시회, 계속해서 중국을 사로잡다2013.07.19 난징과 선전에서 성황리에 막을 내린 “레인 드 네이플” 전시회가 선양에서 중국 전시의 여정을 이어갑니다. 브레게의 여성 컬렉션을 만나보실 수 있는 	web_general	web_general	
s0008	https://cse.postech.ac.kr/%ED%8F%AC%ED%95%AD%EC%97%90-%EB%91%A5%EC%A7%80-%ED%8A%BC-%EB%B0%B0%ED%84%B0%EB%A6%AC%EC%82%B0%EC%97%85-%EC%84%A0%EB%91%90%EC%A3%BC%EC%9E%90-%ED%94%BC%EC%97%A0%EA%B7%B8%EB%A1%	cse.postech.ac.kr	뉴스 포항에 둥지 튼 배터리산업 선두주자 ‘피엠그로우’ [박재홍 동문] 포스텍 출신 대표가 창업한 기업이 포항시에서 새롭게 둥지를 틀어 주목받고 있다. 주인공은 피엠그로우 박재홍 대표(박사 97년 2월 졸업). 박 대표는 포스텍에서 학사·석사·박사 학위를 받고서 지난 2001년 유라클을 창업해 우리나라 1세대 IT융합산업	web_general	news	
s0009	https://www.newspim.com/news/view/20221107000268	www.newspim.com	기사입력 : 2022년11월07일 10:03 최종수정 : 2022년11월07일 10:03 [서울=뉴스핌] 양태훈 기자 = 네이버가 클라우드 사업 부문에 대한 조직 개편을 단행한다. 최수연 네이버 대표는 7일 열린 2022년 3분기 실적 컨퍼런스콜에서 "클라우드 조직 개편과 관련해 기존에 여러 사업 부서에 걸쳐 혼재했던 인	news	news	
s0010	https://health.chosun.com/site/data/html_dir/2020/03/11/2020031102314.html	health.chosun.com	입력 2020.03.11 14:12 앉아 있을 때 통증 심하고 일어나면 사라져 평소 오래 앉아서 일하는 사람이라면 '좌골점액낭염'을 주의해야 한다. 좌골점액낭염은 엉덩이 쪽에 위치한 좌골 주위 조직인 점액낭에 염증이 생긴 질환을 말한다. 특히 엉덩이 살이 없어 엉덩이 부근의 근육층이 얇으면 더욱 주의가 필요하다. 일종의 	news	web_general	
s0011	https://m.helloglobal.co.kr/product/detail.html?product_no=247&cate_no=53&display_group=2	m.helloglobal.co.kr	최근 검색어가 없습니다. 3,898원(2.00%) 원 % 0 원 % 상품후기쓰기 모두보기 게시물이 없습니다 상품문의하기 모두보기 [미개봉새상품]아이패드5세대 128GB 셀룰러 IPAD9.7 610,060원 [중고] 아이폰7플러스 128GB 특가 공기계 중고폰 매트블랙 제트블랙 아이폰공기계구입 559,300원 [중고] 아이	web_general	web_general	
s0012	https://news.samsungdisplay.com/33704?category=67&page=1&type=list	news.samsungdisplay.com	'순환 경제 생태계' 확대… 모래-물 등 대체 불가 자원 재활용 극대화 □ 지구 온난화 극복 동참, 2050년 탄소중립 달성 - 공정가스 저감시설 확충, 대체 가스 개발로 직접 배출(Scope1) 최소화 - 'RE100' 이니셔티브 가입, 간접배출(Scope2) 최소화 - '22년까지 베트남, 인도 등 해외 사업장 재생에	news	news	
s0013	https://onion02.tistory.com/190?category=455716	onion02.tistory.com	종로5가에 위치한 광장시장, 아마도 우리나라 재래시장 중 가장 큰 규모가 아닐까 합니다. 진짜 없는게 없는 곳이죠. 그러나 저에게 있어 광장시장은 맛난 먹거리 천국으로만 기억되고 있습니다. 물건을 사러 가기 보다는, 맛난 무언가를 먹기 위해 가는 곳, 바로 종로5가에 있는 광장시장입니다. 광장시장에 왔으면, 가장 먼저 가	blog	blog	
s0014	http://www.redian.org/archive/100454	www.redian.org	방송법 위반 피의자" 정부여당이 이정현 청와대 전 홍보수석의 언론통제 파문에 대해 ‘통상적 업무’라고 해명한 것과 관련, 노회찬 정의당 원내대표는 4일 “통상적 업무라고 규정하는 자체가 더 심각한 문제”라며 “이정현 전 수석은 방송법을 위반한 피의자이고, 수사 대상”이라고 비판했다. 노회찬 원내대표는 이날 오전 CBS 라	news	news	
s0015	http://sidaeilbo.co.kr/sub_read.html?uid=163055	sidaeilbo.co.kr	채용비리 전수조사 ‘필수불가결’ 문대통령이 ‘필요시 공공기관 전수조사해서 채용비리를 규명’해야 한다며 진상규명을 촉구했다. 대한민국은 ‘백 공화국’이다. 백 없으면 스펙도 무용지물이다. 백이 곧 실력인 세상에서 젊은이들이 느끼는 자괴감은 어떨까. 해답은 ‘한국땅을 떠나고 싶다’ 두 번째 해답은 ‘취업포기’다. 강원랜드 2	news	news	
s0016	http://www.kmhealth.co.kr/board/board.php?tbname=exper&no=364&page=1&action=read&catno=&category=&keyword=&h=	www.kmhealth.co.kr	TM 트리거 포인트 자석 마사지기 활용예 트리거포인트를 전문적으로 다스린다 압통점(트리거 포인트)에 3000가우스의 강력한 자석으로 마사지하여 통증을 해소시킨다! T & M 마사지기로 지압해주는 포인트는 원격반응점이나 근육압통점으로~ 근과 건이 만나는 지점에서 근육방향으로 3~5cm 지점(한방에서 3횡지 4횡지)에 주로 	web_general	web_general	
s0017	http://report.kyobobook.co.kr/view/2006/4187687/	report.kyobobook.co.kr	소개글 전자회로실험 소신호 전압 증폭회로 (CE BJT) 목차 1. 실험 목적 2. 기초이론 3. 실험방법 4. 예비과제 본문내용 1. 실험 목적 ․ 전압 분할 바이어스를 이용하여 트랜지스터를 CE 증폭기로 구성 ․ CE 증폭기의 전압 이득을 측정 ․ 에미터 바이패스 콘덴서가 증폭기 이득에 미치는 영향을 관찰 2. 기초이	web_general	technical	
s0018	http://jstoday.co.kr/20932	jstoday.co.kr	백남기 농민과 51년전 학창시절에 처음 만나 민주화를 위해 싸우며 고락을 함께해온 장휘국 광주시교육감은 18일 오후 5시 금남로 5·18민주화운동기록관에서 열린 백남기 농민 1주기 기록전시전을 찾았다. 기록관엔 백남기 농민이 마지막에 입었던 옷과 손때 묻은 꽹과리, 옛 사진들, 평소 곁에 두고 읽었던 책 등이 전시됐으며 	web_general	web_general	
s0019	https://muignition2.webzen.co.kr/guides/gameguides/detail/1836	muignition2.webzen.co.kr	■ 펫 변이 신규 컨텐츠인'펫 변이는 펫 시스템 오픈 시 오픈되며, 서버 오픈 5일째 되는 날 2개의 캐릭터 200레벨 달성 시 오픈됩니다. 1) 펫 활성 후, 펫에게 펫 변이 약을 먹이면 펫의 공격, 방어, 생명 속성이 증가되고, 변이 수치가 생성됩니다. 2) 펫의 변이 수치가 가득 차면 변이 레벨이 증가되며, 변이 레	web_general	web_general	
s0020	https://teslapronews.ru/ko/%ED%85%8C%EC%8A%AC%EB%9D%BC-%EB%82%A8%ED%98%B8%EC%A3%BC-%EA%B0%80%EC%83%81-%EB%B0%9C%EC%A0%84%EC%86%8C-4%EB%8B%A8%EA%B3%84-%EC%B0%A9%EC%88%98/	teslapronews.ru	Tesla는 최근 남호주에서 VPP(Virtual Power Plant) 프로젝트의 4단계를 시작했다고 발표했습니다. 가장 새로운 단계는 성장하는 네트워크에 추가로 3,000개의 저소득 가정을 환영할 것입니다. 남호주에서 진행되는 Tesla의 VPP 프로젝트는 매우 야심차며, 이 이니셔티브는 일반적으로 회사의 전기 자동차	news	news	
s0021	https://www.udna.kr/post/red-hat-enterprise-linux-7%EC%9D%84-%EC%9D%B4%EC%A0%9C-nvidia-dgx-server-station%EC%9D%B4-%EA%B3%B5%EC%8B%9D-%EC%A7%80%EC%9B%90%ED%95%A9%EB%8B%88%EB%8B%A4	www.udna.kr	2020년 2월 6일 NVIDIA에서 DGX Server와 DGX Station 소프트웨어 스택에 레드햇 엔터프라이즈 리눅스(RHEL) 서버 7을 포함한다고 발표했습니다. 이로써 DGX Server와 DGX Station을 이용하는 사용자에게 운영체제 선택권이 우분투 데스크톱 리눅스에서 RHEL 7까지 넓어졌습니다. 기업	web_general	news	
s0022	https://ws.or.kr/article/820	ws.or.kr	지난 달 토니 블레어는 미국 의회에서 “우리는 흑인이든 백인이든, 그리스도교도든 아니든, 좌파든 우파든 심지어 정치 무관심파든, 모든 인간이 자유롭게 살 수 있는 권리, 이 양도할 수 없는 권리를 위해 싸우고 있다.” 하고 아부성 연설을 했다. 우리가 알다시피 블레어는 거짓말을 밥먹듯이 한다. 국제사면위원회(앰네스티 인터	web_general	news	
s0023	https://ilyo.co.kr/?ac=article_view&entry_id=468961	ilyo.co.kr	[일요신문] 수원특례시(시장 이재준)는 '2024년 수원특화 청년 해외인턴지원사업(미국)'에 참여할 청년 30명을 4월 30일까지 모집한다고 15일 밝혔다. 수원특화 청년 해외인턴지원사업은 미국 기업 취업을 희망하는 청년들에게 미국 기업에서 인턴으로 일할 기회를 제공하는 것이다. 개별 맞춤형 취업컨설팅으로 참여 청년이 원	web_general	news	
s0024	https://www.wowtv.co.kr/NewsCenter/News/Read?articleId=202402261488i	www.wowtv.co.kr	농가 소득 보전 등을 요구하는 유럽 각국의 농민 시위대가 26일(현지시간) 오전 유럽연합(EU) 본부 앞으로 몰려들었다. 스페인 마드리드와 폴란드-독일 국경 지역에서도 농민들의 대규모 시위가 벌어졌다. 로이터 통신 등에 따르면 이날 EU 농업장관 회의가 열린 가운데 유럽 전역에서 몰려온 농민들은 농산물 수입 계획 철폐, 	web_general	news	
s0025	https://tournews21.com/news/articleView.html?idxno=67647	tournews21.com	[투어코리아=조성란 기자] 하나투어가 기존가 다른 색다른 여행을 떠나고 싶어고자 하는 이들을 위해 신상여행 상품을 모아 ‘NEW ARRIVALS 방금도착 신상여행’ 기획전을 진행한다. 하나투어만의 기획력이 돋보이는 콘셉트와 일정, 새로운 지역을 만나볼 수 있는 국내·외 패키지 여행부터 항공권, 호텔, 입장권 등 신상품들로	news	news	
s0026	https://sports.chosun.com/news/news_o3.htm?name=/news/old/200002/20000223s072	sports.chosun.com	뉴스 최신뉴스 카드뉴스 PDF 보기 포토 펀펌 스포츠 야구 축구 농구 배구 골프 학교체육 연예 SC초점 SC이슈 SC현장 라이프 여행레저 헬스케어 Family Site 청룡영화상 청룡시리즈어워즈 조선일보 와이즈토토 야구 축구 종합 연예 라이프 포토 만화 운세 Diva 유튜브  네이버TV [선수협] '제도개선위 구성 제안은	news	news	
s0027	https://shindonga.donga.com/culture/article/all/13/105906/1	shindonga.donga.com	- 현대의학은 당뇨가 인슐린 부족에 의한 자가면역질환임을 밝혔지만 그 근본원인은 아직 찾아내지 못했다. 요즘은 젊은층까지 파고든 어깨 질환 ‘오십견’도 난치병이긴 마찬가지. 몸살림운동은 당뇨의 원인을 고관절과 흉추 11번의 틀어짐에서 찾고, 오십견은 고관절과 어깨관절의 틀어짐 때문에 일어난다고 주장한다. 당뇨와 오십견을 	news	web_general	
s0028	http://rn-tech.com/bbs/board.php?bo_table=data&wr_id=260&page=11	rn-tech.com	++ (주)알엔테크에 오신것을 환영합니다 작성일 : 10-08-13 08:45 저온핵융합 국제특허 공개자료 입니다. 글쓴이 : 관리자 조회 : 14,985 상온, 저온 또는 중온에서의 핵융합 연구는 국가의 미래를 위한 투자입니다. 150ppm의 중수를 포함하는 물(water)을 전처리 하지 않은 채 원료로 사용하는 중온핵	ko_en_mixed	community	
s0029	http://www.ebn.co.kr/news/view/899827	www.ebn.co.kr	|▲ 마트에서 바나나를 고르고 있는 모습ⓒ연합| 바나나가 올해 상반기 가장 많이 팔리는 과일이 됐다. 합리적인 가격과 간단한 식사 대용으로 인기를 끌고 있는 것으로 보인다. 7일 이마트에 따르면 올 상반기 바나나 매출은 작년 동기대비 8.7% 증가한 376억원을 기록했다. 바나나가 반기 기준으로 이마트에서 과일 매출 1위	web_general	news	
s0030	http://stoo.asiae.co.kr/news/view.htm?idxno=2018031408250055553	stoo.asiae.co.kr	'라디오스타' 이상화 / 사진=MBC 제공원본보기 [스포츠투데이 이소연 기자] 빙속 여제 이상화가 '라디오스타' 녹화 중 자신의 평창 올림픽 경기 영상을 처음으로 보며 눈물을 왈칵 쏟았다. 밴쿠버-소치-평창까지 3연속 메달을 따며 대한민국 빙상 역사를 새롭게 쓴 그녀는 경기 영상을 보며 당시의 감정을 전했고, 앞으로의 선	news	news	
s0031	http://tenasia.hankyung.com/archives/430688	tenasia.hankyung.com	가수 하동균이 파리넬리에 빙의 한 듯 혼신의 힘을 다한 무대로 이본을 비롯한 많은 여성들을 매료시켰다. 저음과 고음을 넘나드는 광폭음역대와 3단 고음을 능가하는 3톤 변화로 모두를 놀라게 한 무대를 꾸미며 여심 사냥을 예고해 주목을 받고 있다. 30일 밤 9시 30분 첫 방송되는 MBC 대표 음악버라이어티 ‘나는 가수다-	news	news	
s0032	http://www.yasinmoon.com/news/articleView.html?idxno=28560	www.yasinmoon.com	이순신 장군 ‘약무호남 시무국가’(若無湖南 是無國家) 어록비 제막식이 15일 군서면 군립하정웅미술관 옆 연주현씨 종가에서 거행됐다. 이날 제막식에는 박준영 의원, 박영배 군의장을 비롯한 군의원, 김연일·우승희 도의원, 김한남 문화원장, 연주현씨 종중대표 등 각계 인사들이 참석, 이순신 장군이 남긴 어록의 숭고한 정신을 기	web_general	news	
s0033	http://www.tripadvisor.co.kr/Hotel_Review-g58693-d566221-Reviews-Motel_Puyallup-Puyallup_Washington.html	www.tripadvisor.co.kr	전화번호: 지역: 미국 > 워싱턴주 > 퓨알랍 편의 시설: 무료 조식 무료 주차 애완동물 허용 6위 (7건의 퓨알랍 소재 호텔 중에서) 가격대 (1박): 74,408 원 - 98,083 원 - 예약 옵션: - 트립어드바이저는 Booking.com사와 제휴 관계를 맺고 있으므로, 회원님께서는 안심하고 Motel Puyall	web_general	ko_en_mixed	
s0034	http://www.tripadvisor.co.kr/Hotel_Review-g36112-d87748-Reviews-Knights_Inn_Hazel_Crest-Hazel_Crest_Illinois.html	www.tripadvisor.co.kr	지역: 미국 > 일리노이 > 헤이즐크레스트 편의 시설: 무료 조식 무료 주차 애완동물 허용 휠체어 편의 디자인 (배리어 프리) 2위 (2건의 헤이즐크레스트 소재 호텔 중에서) - 예약 옵션: - 트립어드바이저는 Agoda사와 제휴 관계를 맺고 있으므로, 회원님께서는 안심하고 Knights Inn Hazel Crest의 예	web_general	ko_en_mixed	
s0035	http://www.newswire.co.kr/newsRead.php?no=618842&ected=	www.newswire.co.kr	쌀가루로 만든 콘피자 카페전문점 모스트콘피자(www.mostfood.co.kr)는 국내산 쌀을 이용해 만들어 아이들과 주부들로부터 높은 호응을 얻고 있다. 이에 따라 주택가 밀집지역에서 반응이 폭발적이다. 모스트콘피자 카페는 소규모 매장에 이어 대형 매장들이 잇따라 런칭하면서 젊은층의 반응도 좋다. 주택가 틈새시장 공략이	news	news	
s0036	http://www.germany.travel/kr/towns-cities-culture/towns-cities/ingolstadt.html	www.germany.travel	여러 면을 지닌 도시 - 전통과 역사가 가득하고, 동시에 현대적인 도시의 정서가 있으며, 생기 넘치는 삶을 즐기는 도시: 잉골슈타트는 도나우 강변의 대학 도시이자, 쇼핑 도시, 짜릿한 다채로운 매력과 분위기로써 사람을 열광시킵니다. 특히 아우디 포럼은 자동차 애호가에게만 흥미로운 장소가 아닙니다. 예쁜 지붕이 있는 복원된	web_general	web_general	
s0037	http://windows.microsoft.com/ko-kr/windows-8/hp-envy-touchsmart-15	windows.microsoft.com	실제 프로젝트와 양방향 엔터테인먼트 모두에 어울리는 가벼운 최첨단 터치 스크린 노트북을 만나세요. HP 한 장의 금속판으로 스탬프 가공된 튼튼한 셸로 만든 프레임은 깃털처럼 가벼워서 어디에나 들고 다닐 수 있습니다. 밀린 메일을 읽을 때도 최신 영화를 확인할 때도, ENVY TouchSmart 15의 뛰어난 생산성과 엔터	web_general	technical	
s0038	http://www.booking.com/hotel/th/the-cottage-suvarnabhumi.ko.html	www.booking.com	내가 확인한 호텔  The Cottage Suvarnabhumi 888/8 Lat krabang Soi 20/2 Lat krabang Road, , 10520 랏크라방 (지도 표시) 왜 Booking.com인가요? 실외 야외수영장, 야외 수영장(연중무휴), 정원, 테라스, 일광욕 테라스 구내 시설 골프장(3km 이내), 	web_general	web_general	
s0039	https://seongnam-senior.com/social-participation/13542/	seongnam-senior.com	[시니어신문=이길상 기자] 취약계층에 대한 고효율 가전제품 구매 비용 환급 비율이 확대된다. 산업통상자원부는 취약계층의 에너지요금 부담을 덜어주기 위해 올해 고효율 가전제품 구매비용을 늘려 지원하기로 했다고 1일 밝혔다. 그동안 전기요금 복지할인 가구를 대상으로 고효율 가전제품 구입 가격의 10%를 가구당 30만원까지 지	web_general	news	
s0040	https://bcpark.net/bbs/359616	bcpark.net	비씨파크 개인정보 처리방침 (Ver.2016.11.18) 비씨파크는 이용자 개인정보 보호를 여러 경영요소 가운데 최우선의 가치로 두고 있습니다. 비씨파크 개인정보처리방침 비씨파크주식회사(이하 ‘비씨파크’ 또는 회사’)는 서비스 기획부터 종료까지 정보통신망 이용촉진 및 정보보호 등에 관한 법률(이하 ‘정보통신망법’), 개인	web_general	web_general	
s0041	https://betcb.net/bbs/board.php?bo_table=sports_news&wr_id=352	betcb.net	페이지 정보 - 작성자벳큐브 - 댓글 : 0 - 조회 : 38 - 작성일 : 2023-05-29 10:17 본문 이강인이 경고 누적으로 결장한 마요르카가 스페인 프로축구 프리메라리가 우승팀 바르셀로나에 완패했다. 마요르카는 29일 바르셀로나의 캄노우에서 열린 라리가 37라운드 바르셀로나와 원정경기에서 0-3으로 졌다. 지	web_general	web_general	
s0042	https://dramastory2.tistory.com/tag/%EC%9C%A0%ED%98%B8%EC%A0%95?page=2	dramastory2.tistory.com	반응형 유호정29 풍문으로 들었소 21회-유호정 독재 회귀, 고아라 을 반란 폭풍의 핵이 되었다 인상을 탐내는 영라. 불안한 분위기 속 문제는 모두 봄에게 집중되기 시작했습니다. 관리 회사가 세워지고 작성된 계약서에 대한 궁금증이 폭주하며 한정호 집안은 폭풍전야에 빠지게 되었습니다. 자신이 무슨 잘못을 하는지 알지 못한 	blog	web_general	
s0043	https://wspaper.org/article/24816	wspaper.org	현재 세계경제는 코로나19 팬데믹과 함께 1930년대 이후 최악의 불황을 겪고 있다. 10월 13일 국제통화기금(IMF)는 올해 세계경제가 4.4퍼센트 수축할 것이라고 발표했다. 이는 2009년 공황 시기에 -0.1퍼센트를 기록했던 것보다도 훨씬 큰 하락 폭이다. IMF는 신흥국의 경제 성장률 전망치도 -3.3퍼센트를 기	web_general	news	
s0044	http://sillanews.com/news/view.php?no=4194	sillanews.com	- 전국 지역자활센터 상위 10% 이내 '최우수기관'으로 선정 - 지역특화 우수 사업 중 경주 '모래소독사업' 당당히 이름 올려 [신라신문=은재원 기자] 경주지역자활센터가 보건복지부 주관 '2021~2022년 지역자활센터 성과 평가'에서 최우수기관으로 선정됐다고 23일 밝혔다. 경주지역자활센터는 이번 선정으로 최우수지역자	news	news	
s0045	https://www.sportstoto.link/review/%EC%B9%B4%EC%A7%80%EB%85%B8%EC%82%AC%EC%9D%B4%ED%8A%B8-%EC%8A%88%ED%8D%BC%EC%B9%B4%EC%A7%80%EB%85%B8/	www.sportstoto.link	카지노사이트 슈퍼카지노 보증코드 가입코드 : 6666 보너스 가입첫충 30% / 페이백 5% 보증정보 - 먹튀검증 완료: 2023년 07월 28일 검증 완료 - 보증금 유무: 1억원 보증금 예치 최고의 온라인 카지노인 슈퍼카지노에서 카지노 게임과 혜택을 만나보세요! 이제 슈퍼카지노와 함께 진정한 카지노의 매력을 경험하세요	web_general	web_general	
s0046	https://www.cosinkorea.com/mobile/article.html?no=48575	www.cosinkorea.com	[코스인코리아닷컴 이효진 기자] 바이오기업 라파스의 마이크로니들 파이프라인 개발이 순항 중이라는 증권가의 분석이 나왔다. 라파스는 마이크로니들 제조기술을 전문의약품, 백신에도 접목하며 경피전달 의약품을 확대하고 있다. 매출의 대부분이 미용 패치에서 발생하고 있으며 중장기적으로 의약품과 백신 제품 개발에 따른 모멘텀이 지속	web_general	news	
s0047	https://www.newstong.co.kr/view3.aspx?seq=1165489	www.newstong.co.kr	흑연 이미지. (사진=배터리 인사이드) 2차전지라는 용어를 많이들 들어봤을 겁니다. 1차전지는 리모콘, 시계 등 소형 제품에 주로 사용해온 배터리로서 전력이 떨어지면 끝입니다. 2차전지는 충전이 가능한 제품으로 전기차와 휴대폰에 들어갑니다. 2차전지의 대명사는 리튬이온배터리입니다. 리튬이온배터리의 안정성은 음극에 흑연을 	news	web_general	
s0048	https://webmini.kr/%EA%B1%B4%EA%B0%95%EB%A1%9C%EB%98%90%EB%A1%9C-%ED%96%89%EB%B3%B5%ED%95%9C-%EA%B2%BD%EC%A3%BC%EB%A5%BC-%EB%A7%8C%EB%93%A4%EC%96%B4-%EB%B3%B4%EC%9E%90/	webmini.kr	어느 듯 7월의 마지막을 달리고 있습니다. 올해는 몇년동안의 더위보다 더 더운 듯 하네요..!! 모두 더위 조심 하시기 바랍니다. 올해 경주시보건소에서는 “건강로또로 행복하세요” 라는 타이틀과 함께 로또번호의 숫자에 건강맞춤 운동을 하고 있습니다. 우리가 평소에 할 수 있는 건강은 참 많습니다. 대표적으로 요즘 광고를 하	web_general	web_general	
s0049	https://www.ktown1st.com/in/detail/969	www.ktown1st.com	문화/행사 땡스기빙 때 무슨 요리하세요?? 작성자 jessica 날짜 2018.11.06 미국에서 이번에 처음 땡스기빙을 맞이하는데요~~!땡스기빙 때는 주로 집에서 맛있는 요리를 해먹는다고 하더라고요!!제가 요리하는 거 좋아해서 시도해보려구 하는데주로 어떤 요리를 많이 해먹나요?? DISCLAIMER이곳에 게시된 글들은 	web_general	community	
s0050	http://www.dotolim.com/?paged=2&tag=olaf-hochherz	www.dotolim.com	닻올림은 공간이 협소하고 한정된 관객만 받을 수 있는 구조입니다. 따라서 공연에 따라 관람이 어려우신 경우가 있어 꼭 공연을 관람하고자 하시는 분들을 대상으로 사전 예매를 받고 있습니다. 예매를 원하시는 분들은 firstname.lastname@example.org 또는 트위터 @dotolim 팔로우 뒤 다이렉트 메시지(	ko_en_mixed	web_general	
s0051	http://www.wizculture.com/news/articleView.html?idxno=4857	www.wizculture.com	위즈컬쳐 김다혜 기자 = 2018년 17년만에 완전체로 팬들 앞에 돌아왔던 High-five Of Teenagers. 팬들의 지속적인 요청과 멤버들의 마음을 한데 모은 콘서트가 다시 한 번 팬들을 찾는다. 오는 9월, 2019 콘서트 개최가 확정된 High-five Of Teenagers는 한층 더 업그레이드 된 모습으로	web_general	news	
s0052	http://www.dhnews.co.kr/news/articleView.html?idxno=6599	www.dhnews.co.kr	서울여대, 서강대 등 50주년 광고 '눈길' <광고 동향> <광고 분석> 3월 넷째주 대학광고는 중앙일보(3월 24일자) 대학 교육 특별 섹션에 게재된 광고가 눈길을 끌었다. 서울여대와 서강대는 개교 50주년을 강조하는 광고를 선보였다. 또한 대구한의대는 오성캠퍼스, 동국대는 일산캠퍼스 개교 광고를 선보이며 새로운 도약을	news	news	
s0053	http://fish.darakwon.co.kr/fishtech/fishtech_view.asp?b_no=2367&re_page=%2Ffishtech%2Ffishtech.asp%3FGotoPage%3D18%26menu%3D0501	fish.darakwon.co.kr	최초공개 한탄강 잉어 여울견지, 진짜 특별한 손맛! 가냘픈 견짓대로 水龍을 제압하다 이기선 기자 blog.naver.com/saebyek7272 우리 고유의 견지낚시는 주로 누치를 대상어종으로 삼고 있지만 최근엔 잉어를 노려 출조하고 있는 견지낚시 동호인들이 생겨나고 있다. 파르르 떨리는 낭창한 견짓대로 누치와는 비할 바	web_general	news	
s0054	http://www.happy125.kr/index.php?mid=news_column&document_srl=5421	www.happy125.kr	삼성중공업과 함께하는 감사형통(感謝亨通) 프로젝트 행복, 지금 내 앞에 놓인 선물 “행복이란 무엇인가?” 삼성중공업 산재복직자 대상 감사힐링 프로그램에서는 행복에 대한 진지한 고찰의 시간을 갖고 스스로 행복한 삶을 개척해나가기 위한 발걸음을 내디뎠다. 행복이란 지극히 주관적인 감정이다. 각자가 행복을 느끼는 순간이 다른 	web_general	news	
s0055	http://www.medialine.co.kr/news/articleView.html?idxno=581	www.medialine.co.kr	[미디어라인=하원배 기자] 지난 28일 국회의원회관에서 국민연금개혁에 관련된 토론회가 열렸다. 토론회에는 좌장으로 김대호 사회디자인연구소장이 참여했고, 발제자로는 누가 내 국민연금을 죽였나 김형모 저자가 나왔으며, 토론으로는 김선택 한국 납세자연맹 회장, 최유성 가톨릭 관동대 사회복지학과 초빙교수, 윤석명 한국보건사회연구	web_general	news	
s0056	https://sapafund.org/blog/2018/07/11/%EA%B3%B5%EC%A7%80-%EC%A0%9C-15%ED%9A%8C-%EC%82%AC%ED%8C%8C%ED%8F%AC%EB%9F%BC-%EB%AF%B8%ED%88%AC%EC%99%80-%EB%85%B8%EB%8F%99/	sapafund.org	제 15회 사파포럼 “#미투와 노동” 촛불 이후 가장 큰 의미를 지녔다고 평가될 만큼 한국 사회에 큰 반향을 일으키고 하나의 전기가 될 수 있으리라고 기대를 모았던 #미투 운동. 용감한 개인들의 폭로가 이어지고 사회적인 목소리가 호응하고, 다른 폭로로 이어지는 가운데 이 사회의 젠더질서의 위악성, 위선, 그리고 가해자중심	web_general	web_general	
s0057	http://1004yo.com/shop/shopdetail.html?branduid=1357634&xcode=002&mcode=002&scode=008&special=3&GfDT=am13Vw%3D%3D	1004yo.com	잘받았습닏다 잘받았습닏다 아기 인형 이불만들어 주려고 샀는데 이뻐요^^ 처음 배우는거라 어디서 사야할지 몰라 찾다가 천싸요 발견!!! 여자아이 원피스 만들었는데 넘 이뻐요~^^ 생각보다는.. 보고만 있어도 봄^^ 파스텔톤의 꽃들이어서 튀지 않고도 화려하고 아기자기해요 다른 면혼방천들보다 두꺼운 느낌이에요. 전 아이들 소꿉	web_general	community	
s0058	http://asan-nanum.org/%ED%8C%8C%ED%8A%B8%EB%84%88%EC%8B%AD-%EC%98%A8-%EA%BF%88%EC%9D%84-%EA%B7%B8%EB%A6%AC%EB%8A%94-%EB%8F%84%ED%99%94%EC%A7%80%EA%B0%80-%EB%90%98%EB%8A%94-%EA%B3%B3-%EB%8F%99%EB%85%98	asan-nanum.org	블로그 상세페이지 [파트너십 온] “꿈을 그리는 도화지가 되는 곳” 동녘지역아동센터 15주년 기념행사 2017.07.04. ‘동행(同行)’. 듣기만 해도 든든해지지 않나요? 같이 길을 가다, 같이 길을 가는 사람을 뜻하는데요, 동녘지역아동센터가 15번째 생일을 맞이하기까지 그 동안 걸어온 길을 돌아보는 시간을 갖고자 ‘동	web_general	blog	
s0059	http://www.landmoa.net/?acmode=b_s&curjong=&no=34397&page=1&orgcstyle=&cstyle=4	www.landmoa.net	| 스마트폰의 특정파일의 연결 프로그램 등록  스마트폰을 사용하다 보면 이미지나 음악파일 또는 비디오 파일을 열어 보거나 듣거나 감상하는 일이 많을 수 있습니다. 한데 자신이 사용하던 어플이 아니면 사용이 어슬프거나 기능을 몰라 애를 먹는 경우가 많습니다. 이럴 떄 특정 형식의 파일을 자신이 우너하는 어플로 재생돠거나 보	web_general	technical	
s0060	http://kosmia.or.kr/data/skill-read.html?seq=39&page=	kosmia.or.kr	스마트 공장에 대해 관심은 많은데 너무 어려워요. 스마트 공장이란 무엇인가요? ‘스마트 공장’을 한 마디로 설명하면‘ 제품의 설계, 개발, 제조, 유통 등 모든 과정에 디지털/자동화 기술을 결합해 생산성과 품질, 고객 만족을 높이는 지능형 생산 공장’이라고 할 수 있습니다. 스마트 공장은 공장과 관련한 다양한 기술을 포함	web_general	web_general	
s0061	http://osaka779.cafe24.com/762	osaka779.cafe24.com	사다리타기 그래프배팅,그래프배팅하는곳,주소,추천,코드 최희섭은서재응, 김병현 등과도 대결하며 총 10경기에서 코리언 투타 사다리타기 맞대결 역사를 썼다. 이어서 사다리타기 그는 "자는 시간을 빼고 12시간 동안 여섯 끼 이상을 먹었기 때문"이라며 "가장 맛있었던 것은 해물라면과 땅콩 아이스크림"이라고 밝혔다. 경찰에따르면	web_general	web_general	
s0062	http://blog.coway.co.kr/339	blog.coway.co.kr	티스토리 뷰 세 번 교체로 매일매일 새 매트리스처럼! 포근함에 깨끗함을 더하다 - 코웨이 탑퍼교체 매트리스 트리플체인지 잠이 보약이란 말, 들어보셨죠? 충분한 잠은 신체 기능을 회복시켜주고 감정조절에 도움을 주어 보다 건강한 생활을 유지하도록 만들어줍니다..[1] 하지만 오래 잔다고 충분히 잔 건 아니겠죠. 잠깐을 자더라	blog	blog	
s0063	http://peakswoods.co.kr/bbs/board.php?bo_table=report8&wr_id=15039	peakswoods.co.kr	페이지 정보작성일17-11-29 23:14 본문 Download : 시사에세이 - 지구온난화에 관해서.hwp 설명 <불편한 진실>은 미국 민주당의 대선 후보 를 역설하는 사성 깊은 다큐멘터리이다. 최근 들어 발전으로 생활이 편안해지고 있다. 그로인해 발전만을 추구하지 않고 우리 지구에 관심을 갖기 시작했다. 시사에세이 -	web_general	news	
s0064	http://kr.sinyo-faucet.com/304-ss-faucet/50684312.html	kr.sinyo-faucet.com	기본 정보 모형: HS15025D 제품 설명 table0> · 현대적인 디자인 스타일! 싱글 핸들 단일 구멍 유역 믹서 · ISO 9001 : 2000 표준 및 CE 표준 · HIGH QUALITY 304 스테인레스 스틸 똑없는 동작 (500 테스트 000 번 작업) 한국어 · 30mm에서 43mm에 맞춤 카운터 구멍을위	web_general	ko_en_mixed	
s0065	http://leaders.asiae.co.kr/news/articleView.html?idxno=49381	leaders.asiae.co.kr	향후 2년간 시 전입한 고객 0.50% 특별금리 추가제공  |왼쪽부터 허성곤 김해시장과 손교덕 BNK경남은행 은행장이 ‘가야왕도 김해사랑통장 업무 협약’을 체결한 뒤 기념촬영하고 있다. (사진제공=경남은행)  BNK경남은행과 김해시는 20일 ‘가야왕도 김해사랑통장 업무 협약’을 체결했다. 손교덕 은행장은 김해시청을 방문해	news	web_general	
s0066	http://v12.battlepage.com/??=battle.gamereview.view&no=130	v12.battlepage.com	*디지몬 스토리 사이버 슬루스 해커스 메모리의 스포일러 리뷰입니다. *스토리를 처음부터 끝까지 모조리 까발리는 글이니 스포일러를 꺼리신다면 바로 뒤로가기 누릅시다. *시스템 등의 문제는 밑에 있는 노스포 리뷰에서 다뤘으니 여기서는 언급 하지 않습니다. 스포일러 리뷰는 쓰지 않을 생각이었는데 결국 쓰게 되었다. 스토리가 정	web_general	web_general	
s0067	https://www.edupang.com/community/77036?cid=&page=1	www.edupang.com	벌써 잉글리쉬타임 Jump와 함께 한지도 9개월이 지났네요. 매주 한 유닛씩 열심히 진행해 온 덕분에 벌써 유닛36도 이번주에 끝을 내었네요. 이번 유닛에서는 도시에서 볼 수 있는 것들과 길을 찾아가는 방법 등에 대해 배워보았어요. 잉글리쉬타임을 하다보면 세상에 배워가야 할 내용들을 영어로 다 배울수 있어 정말 좋은 것 	web_general	web_general	
s0068	http://dankaka.com/shop/shopdetail.html?branduid=1478190&xcode=004&mcode=000&scode=&GfDT=aWh3UA%3D%3D	dankaka.com	- | 상품 상세 설명 스물아홉 해를 살면서 그녀가 가장 잘한 일은 선우자동차 마케팅본부장 권영모의 비서가 된 것이다. 급류를 탄 듯 정신없이 흘러가던 채신희의 삶이 속도를 늦추고 찬찬히 굴러가게 된 건, 그를 만난 이후부터였다. “공석인 내 비서 자리에 신희 씨를 추천했어요. 하루에 한 번이라도 웃을 수 있을까, 해서.	web_general	web_general	
s0069	http://www.saegeoje.com/news/articleView.html?idxno=204363	www.saegeoje.com	거제시가 인구 유출과 사업체 감소 등으로 쇠퇴한 지역을 되살리는 계획(도시재생 전략 계획 등)을 세우는 데 본격적으로 나섰다. 시는 지난 15일 ‘거제시 도시재생 전략 계획 및 활성화 계획 수립 용역’ 착수 보고회를 했다. 도시재생 전략 계획은 10년 단위로 세우며 필요할 땐 5년마다 정비할 수 있다. 도시재생 활성화 계	web_general	news	
s0070	http://www.munhwa.com/news/view.html?no=20170518MW165148111194	www.munhwa.com	차량 이동 중 내려서 인사·악수하고 사진촬영도 |▲ 청와대에서 만난 아이들에게 인사하는 문재인 대통령[독자 제공] | “청와대 견학 가기 며칠 전에 농담으로 ‘진짜 대통령 봤으면 좋겠다’ 했는데 진짜로 봐서 깜짝 놀랐어요.” 초등학생 대상 역사교실 선생님인 민들레(34)씨는 17일 동료 교사들과 함께 자신이 가르치던 학생	web_general	news	
s0071	http://hjtic.snu.ac.kr/node/11058	hjtic.snu.ac.kr	- 일경일렉트로닉스_2018/11_우주 비즈니스 참여, 소니 등의 승산Nikkei Electroincs - - 저자 : 日経BP社 - 발행일 : 20181020 - 페이지수/크기 : 106page/28cm Nikkei Electronics_2018.11 특집 요약 (p28~45) Breakthrough 우주 비즈니스, 소	web_general	ko_en_mixed	
s0072	http://www.ddmnews.co.kr/news_gisa/gisa_view.htm?gisa_category=01150600&gisa_idx=18715	www.ddmnews.co.kr	서울 삼성동 코엑스관과 창동 하나로마트서 판촉활동 전개 작성일 : 2019-08-13 16:08 기자 : 임태종 |전남도청| 전라남도는 14일부터 28일까지 서울 삼성동 코엑스전시관과 창동 농협 하나로마트에서 수도권 소비자를 대상으로 도지사품질인증과 6차산업인증제품 등 ‘추석맞이 전남산 우수 농식품 특별 판매전’을 실시한	news	news	
s0073	http://festivalall.net/bbs_detail.php?bbs_num=442&tb=board_festival_news	festivalall.net	해풍 품은 1등 감자! 제18회 팔봉산 감자축제 올해로 벌써 18회를 맞은 팔봉산 감자축제가 6월 22일과 23일 이틀간 충청남도 서산시 팔봉면 양길리 주차장 일원에서 펼쳐진다. 충청남도 서산시 팔봉면은 서해의 가로림만과 인접해 해양성 기후의 영향을 받는 곳이다. 서늘한 바닷바람과 팔봉산의 사질토에서 우수한 농산물이 많이	web_general	web_general	
s0074	http://www.donga.com/ISSUE/Vote2016/News?m=view&date=20190820&gid=97031229	www.donga.com	확성기 소음으로 인근 주민들 피해 호소 사람이 탄 차량을 크레인에 매달고 이틀째 시위 중인 제주지역 전국건설인노동조합 소속 노동자들이 제주지사 면담과 항의집회 등 여러차례 실력 행사를 해 대책마련이 시급하다. 20일 오전 전국건설인노동조합 제주지역본부 제주지부원들은 제주도청 현관을 점거하고 도지사 면담을 요청하고 있다. 	news	news	
s0075	http://www.rmwebzine.re.kr/newshome/mtnmain.php?mtnkey=articleview&mkey=scatelist&mkey2=76&aid=3583	www.rmwebzine.re.kr	이윤실 이화여자대학교 저널명 Clinical Cancer Research 논문제목 The Hsp27-Mediated IkBα-NFkB Signaling Axis Promotes Radiation-Induced Lung Fibrosis 연구과제 수행 중 생긴 에피소드 조재호교수님과의 공동연구는 8년, 나영화교수님과의 공동연	web_general	ko_en_mixed	
s0076	http://sungooja.org/2019/01/13/%EC%97%90%EC%8A%A4%EB%8D%94/	sungooja.org	2019년 01월 13일 주제: 설픔이 변하여 기븜이 되고 애통이 변하여 길한 날이 되었으니(9:22) 부림절. 이스라엘 민족이 멸망당하기 전에 반전이 일어나서 하만과 대적을 죽인 날을 기념하기 위해서 지키는 명절. 에스더에는 하만이라는 단어가 나오지 않는다. 그러나 하나님의 선한 손은 있었다. 구속사적인 관점에서 더 넓	web_general	web_general	
s0077	http://www.nygc.us/5145251068-49444443684756850432/archives/08-2012	www.nygc.us	날 짜 : 2012.08.26 설 교 : 주효식목사 제 목 : 묻지마 순종 성 경 : 창세기(Genesis) 41 : 37 ~ 44 37 바로와 그의 모든 신하가 이 일을 좋게 여긴지라 The plan seemed good to Pharaoh and to all his officials. 38 바로가 그의 신하들에게 이르	ko_en_mixed	web_general	
s0078	http://game.donga.com/78707/	game.donga.com	플레이위드(대표 김학준)의 김학준 대표이사는 "고객 여러분의 응원과 질책 모두를 감사한 마음으로 수용하며, 가장 낮은 자세로 고객 여러분을 대할 것"이라고 금일(19일)밝히며, 자사의 대표 MMORPG '로한'의 차기작과 관련한 출사표를 올렸다. 김학준 대표는 출사표를 통해 "플레이위드의 대표 IP인 로한이 서비스 10주	news	news	
s0079	http://www.saegilchurch.or.kr/index.php?mid=sermon&listStyle=list&category=9495&page=5&listStyle=webzine&document_srl=614427	www.saegilchurch.or.kr	[말씀증거 #1] “고통 중에서도, 고통 가운데 있는 이들 곁에서” (마가복음서 16:6~7) 2017년 4월 16일 세월호 참사3주기·부활절 기억과 동행 예배 김성수 형제(새길기독사회문화원 연구원) [놀라지 마시오. 그대들은 십자가에 못 박히신 나사렛 사람 예수를 찾고 있지만, 그는 살아나셨소. 그는 여기에 계시지 않소	web_general	web_general	
s0080	http://www.amd.com/kr/press-releases/Pages/Press_Release_114146.aspx	www.amd.com	AMD, 업계 최초의 엔터프라이즈 전용 스트림 프로세서 발표 - AMD 스트림 프로세서, 엔터프라이즈급 컴퓨팅 성능과 지원 제공 – - 스트림 프로세서 애플리케이션 개발용 새로운 하드웨어 인터페이스 CTM도 동시 발표 - 서울 -- 2006-11-16 -- AMD는 최근 미국 플로리다 템파베이에서 개최된 슈퍼컴퓨팅2006	web_general	web_general	
s0081	http://blog.jinbo.net/jinbone/13	blog.jinbo.net	트랙백이 하나도 안걸려 있고 덧글이 하나도 없음이라는 뜻입니다. 트랙백(0)을 누르시면 이글의 트랙백 주소가 나올겁니다. 트랙백은 글과 글을 링크 시키는 기능입니다. 덧글은 원글과 같은 문서에 관련글을 쓰는 거라면, 트랙백은 서로 다른 문서에 쓰여진 글을 링크시키는 것으로 관련글을 쓰는 거죠. 제가 쓴 이 포스트에 여러분	blog	web_general	
s0082	http://homoludentic.tistory.com/791	homoludentic.tistory.com	오늘 소개할 집은 전요리로 유명한 '교동 전선생'의 점심정식입니다. '교동 전선생'은 방배동에서 시작해, 현재는 서울에서만 약 70여개 정도의 지점을 내 프랜차이즈입니다. 독특하게도 한국의 전통음식인 '전'을 특화해 밥과 막걸리 등 주류를 함께 파는 레스토랑이지요. 이곳의 '전'은 표준화된 맛이기 때문에 굉장한 맛이라고 	blog	blog	
s0083	http://www.korean.hostelworld.com/hosteldetails.php/Mama-Naxis-Guesthouse/Lijiang/33191/ribyudeur	www.korean.hostelworld.com	Mama Naxi`s Guesthouse의 리뷰 리뷰 & 평가에 대한 설명 다음 리뷰들은 지난 6 개월 안에 예약했던 고객들이 제출한 것입니다. 등급 상자에 있는 리뷰와 평점은 모든 시간에 걸쳐 받은 평점을 기반으로 하며, 리뷰를 제출한 고객들의 의견으로 Hostelworld.com 의 의견을 표현하지는 않습니다. 이 방	ko_en_mixed	web_general	
s0084	http://www.avira.com/ko/contact	www.avira.com	문의주십시오 귀하의 의견을 듣고 싶습니다. Avira의 기업 사명은 간단합니다. 저희는 간편하면서도 효율적인 온라인 보안 서비스를 제공하려고 노력합니다. 저희 성공의 열쇠는 고객들의 질문과 의견으로부터 받은 영감입니다. 당사의 해외 사무소 목록저희 글로벌 웹사이트 (영어)로 이동됩니다. 회사 소개 Avira는 전 세계 일	web_general	web_general	
s0085	http://www.agoda.com/ko-kr/happy-go-lucky-hotel-hostel/hotel/berlin-de.html?asq=S1%2bEK%2bZ0CDAN9fhHeuyZmiaQX%2bAltM3zYjW6uDLIZemyYYohfS6ZXFFbo9%2b62jrTYjFAtTLYa9%2f7xNZhJyNklg%3d%3d&setcookienew=1	www.agoda.com	따뜻한 마음을 가진 찰로텐버그에 있는 해피 고 럭키 호텔 & 호스텔 숙박시설은 베를린 여행 중 둘러보기에 가장 알맞은 곳에 있습니다. 이 1성 호텔은 공항에서 10.0 km 거리에 있어 쉽게 접근하실 수 있습니다. 또한 Galerie Michael Schultz Gallery, Neue Kant Cinema, Schaub	web_general	web_general	
s0086	http://www.newsam.co.kr/news/article_list_all.html	www.newsam.co.kr	농림축산식품부(장관 송미령, 이하 농식품부)는 개식용종식과 관련된 운영 신고 및 이행계획서 제출 등 신규 제도 시행 과정에서 현장의 혼선을 방지하고 운영 신고 등의 편의성을 높이기 위해 2024년 4월부터 개식용종식 콜센터(☎1577-0954, 이하 “독(dog)상담 콜센터”)를 운영한다고 밝혔다. 지난 2월 6일 공포된	news	news	
s0087	http://yongineng.com/gnuboard4/bbs/board.php?bo_table=notice&wr_id=8707&page=10	yongineng.com	1.신뢰!정품!안전!확실하게 믿고 구입하실수 있습니다. 약국주소 : https://vmarket.top (1)정품 아니거나 효과가 없을시 100%환불해드립니다. (2)저희약국에서 취급하는 모든 제품은 100%정품임을 보장합니다. (3)소중한 고객님의 프라이버시를 위한 비밀보장 및 배송해드립니다. 2.어디서도 찾아볼수 없는	web_general	web_general	
s0088	https://tiplus.tistory.com/tag/%EC%9C%88%EB%8F%84%EC%9A%B08%20USB%20%EC%84%A4%EC%B9%98	tiplus.tistory.com	오늘은 Windows8을 USB에 설치해서 부팅 메모리를 제작하는 방법과 일반 노트북에 설치하는 방법에 대해서 알아보도록 하겠습니다. 보통 이동식 메모리에 저장하는 과정에는 Windows7 USB DVD Download Tool을 이용합니다. 하지만, 제가 이전에 이와 같은 과정을 진행하려 했는데 과정 도중에서 유에스비를	blog	technical	
s0089	https://mandreel.kr/%EC%A0%9C%EB%AA%A9-%EC%A4%91%EC%86%8C%EA%B8%B0%EC%97%85-%EC%B2%AD%EB%85%84-%EC%A0%84%EC%84%B8%EC%9E%90%EA%B8%88-%EB%8C%80%EC%B6%9C-%EC%A7%80%EC%9B%90-%EA%B8%B0%ED%9A%8C%EC%9D%98-%E	mandreel.kr	제목: 중소기업 청년 전세자금 대출 지원: 기회를 열다소개중소기업(중소기업)의 확장은 전 세계적으로 경제 성장과 일자리 창출을 촉진했습니다. 이러한 기업은 청년 임대 대출을 제공하는 데 필수적이며, 청년들이 자신의 열망을 따르고 저렴한 숙소를 찾을 수 있도록 지원합니다. 이 글에서는 중소기업이 청년 임대 대출에 미치는 혁	web_general	web_general	
s0090	https://datanews.co.kr/news/article.html?no=131898	datanews.co.kr	카카오게임즈가 지난해 2년 만에 역성장했다. 전환사채(CB)에 대한 풋옵션이 가능해지면서 올해 실적이 더욱 중요해졌다. 20일 데이터뉴스가 금융감독원 전자공시시스템에 공시된 카카오게임즈의 잠정실적을 분석한 결과, 지난해 매출 1조241억 원으로, 전년(1조1477억 원) 대비 10.8% 감소했다. 영업이익은 745억 원으	news	news	
s0091	https://www.100scenes-in-gardenhistory.org/2015/04/02/lancelot-capability-brown-1715-1783/	www.100scenes-in-gardenhistory.org	Lancelot Capability Brown (1715-1783), 영국 조경가 1715년 8월 30일, 영국 노섬버랜드 커크할 출생, 1783년 2월 6일 런던에서 사망. 랜셀롯 브라운, 일명 ‘캐퍼빌리티’ 브라운 Lancelot ‘Capability’ Brown은 영국 풍경화식 정원이 나은 최고의 조경가라는 수식어가	web_general	ko_en_mixed	
s0092	http://xn--950bx54akmckza394bewd.com/clients/	xn--950bx54akmckza394bewd.com	개인정보처리방침 제1조(목적) 법무법인 위 원주지점 (이하 ‘회사’라고 함)는 회사가 제공하고자 하는 서비스(이하 ‘회사 서비스’)를 이용하는 개인(이하 ‘이용자’ 또는 ‘개인’)의 정보(이하 ‘개인정보’)를 보호하기 위해, 개인정보보호법, 정보통신망 이용촉진 및 정보보호 등에 관한 법률(이하 ‘정보통신망법’) 등 관련 	web_general	web_general	
s0093	https://www.futurekorea.co.kr/news/articleView.html?idxno=31531	www.futurekorea.co.kr	선거 통해 공산주의자 대통령을 세우고, 진보를 내세운 사회주의 친북정당에 의해 북한과 같은 사회주의 정부를 세워 적화통일이 되지나 않을까 걱정하는 것은 지나친 노파심일까? 김일성의 꿈은 한반도에 ‘사회주의 지상낙원’을 건설하는 것이었다. 그래서 김일성은 생존 기간 내내 대남공작을 가장 중요한 정치적 과제로 내세우고 물질적	web_general	news	
s0094	http://daejuent.co.kr/?page_id=26	daejuent.co.kr	고밀도 폴리우레탄 또는 난연2급 준불연 우레탄 판넬을 사용하여 단열성이 크고 외부의 찬공기, 먼지 등을 차단하여 실내 작업 환경을 보호하고 쾌적한 상태를 유지 할 수 있도록 도우며, 강도가 큰편 입니다. 소방서 또는 발전소나 식음료, 유제품, 빙과류 제조·보관시설, 농수축산물 저온 저장시설, 과일 후숙시설 등에 이용되며 	web_general	web_general	
s0095	http://labortoday.co.kr/news/articleView.html?idxno=162958	labortoday.co.kr	|▲ 정기훈 기자| 11일 신종 코로나바이러스 감염증 확진자가 28명으로 늘었다. 보건당국과 의료기관의 긴장감이 이어지고 있다. 지난달 신종 코로나바이러스 첫 확진자가 발생하고 확산 우려가 높았을 때 보건의료 노동자들은 “병원들이 2015년 중동호흡기증후군(메르스) 사태 때보다 안정적으로 대응하고 있다”고 평가하면서도 장	web_general	news	
s0096	https://weekly.donga.com/List/3/all/11/86650/1	weekly.donga.com	북한이 2004년 4월 용천역 폭발사고 직후 중단한 휴대전화 서비스를 재개통했다. 12월15일 평양 인민문화궁전에서 ‘제3세대 이동통신(WCDMA)’ 개통식이 열렸다. SK텔레콤의 ‘T’, KTF의 ‘SHOW’가 WCDMA. 휴대전화로 상대방의 얼굴을 보며 통화하고 모바일 환경에서 멀티미디어를 사용하는 기반을 북한도 갖춘	news	news	
s0097	https://m.bobaedream.co.kr/cyber/cview/711383	m.bobaedream.co.kr	정식/무사고/4만7천km 짧은주행/고연비 디젤해치백 2014년 4월식 BMW 뉴 118d 어반 모델을 판매합니다. 》정식출고/무사고 운행 차량임을 강조 》연식대비 짧은 47,000km 실주행 차량임을 강조 》8단미션, 효율과 실용성 겸비한 5도어 디젤 해치백 차량임을 강조 ▶본 차량상태.. - 정식출고 - 8단미션 - 무	community	web_general	
s0098	https://christianlife.nz/archives/11210	christianlife.nz	미국 캘리포니아 대학 프랜시스 라우셔 교수팀이 1993년에 모차르트의 음악이 머리를 좋게 만든다는 연구 결과를 내놓아 세상의 관심이 집중된 적이 있습니다. 이 연구 결과가 나중에 ‘모차르트 효과’라고 불리게 되었는데 이 실험에 쓰인 모차르트의 ‘두 대의 피아노를 위한 소나타 D 장조(K448)’가 미국의 음반 가게에서 불	web_general	web_general	
s0099	http://www.enertopianews.co.kr/news/articleView.html?idxno=15810	www.enertopianews.co.kr	|전통시장에서 노후조명설비 교체 장면.| 한국전력(사장 김종갑)은 민족 고유의 명절인 설날을 맞아, 전국 1450여 전통시장에 다양하고 실질적인 혜택을 제공하기 위한 전방위 맞춤형 지원을 시행한다고 16일 밝혔다. 한전은 향후 5년간 285억원(매년 57억원)을 투입해 한전의 고유사업과 연계한 에너지효율 향상사업 등 3개	news	news	
s0100	http://ecojournal.co.kr/news_view.html?code=01080000&uid=116760&cpage=1&special=&location=	ecojournal.co.kr	【에코저널=남양주】남양주시는 마석역 등 5개소에 ‘미세먼지 안심버스 정류장’을 설치, 1월 중순부터 시범운영에 들어갔다. ‘미세먼지 안심버스 정류장’은 대중교통을 이용하는 주민들이 미세먼지로부터 보호하기 위해 개방형이 아닌 밀폐형 구조로 설치했다. 미세먼지 수치가 높은 날의 대중교통 이용자는 물론 정류장을 지나는 취약계층	news	news	
s0101	https://www.transeshairtransplant.com/ko/%EA%B0%9C%EC%9D%B8-%EC%A0%95%EB%B3%B4-%EC%A0%95%EC%B1%85/	www.transeshairtransplant.com	발효 일 : 2019 년 11 월 14 일 Transes는 https://www.transeshairtransplant.com 웹 사이트 ( “머리 이식 및 성형 수술”)를 운영합니다. 이 페이지는 귀하가 서비스를 이용할 때 개인 데이터의 수집, 사용 및 공개에 관한 정책 및 귀하가 해당 데이터와 관련된 선택을 알려줍니다	web_general	web_general	
s0102	https://kin.naver.com/tag/tagDetail.nhn?tag=%ED%83%80%EB%B8%94%EB%A0%9B%EC%84%A0%EB%81%8A%EA%B9%80&listType=answer	kin.naver.com	#타블렛선끊김 - 중고로 와콤 480을 구매했는데요 사이툴, 클립스튜디오에서는 잘만 되는데 포토샵만하면 영상처럼 선이 뚝뚝 끊김니다ㅠㅠ 오른쪽 클릭 기능으로 길게 누르기 사용 체크... 답변 1 2019.05.08.포토샵 - 사이툴로그림그리면 막 선이 끊겨요 근데 버벅거리고 필압안들어면서 동그라미나오는???그런 끊김은 아	web_general	community	
s0103	http://www.babytimes.co.kr/news/articleView.html?idxno=26106	www.babytimes.co.kr	[베이비타임즈=김은교 기자] 국제 구호개발 NGO 세이브더칠드런 코리아는 지난 14일(현지시각) 모잠비크를 강타한 사이클론 ‘이다이(Idai)’ 피해지역에 3만 달러(약 3천 4백만원)를 긴급지원한다고 21일 밝혔다. 최대 153km/h의 바람과 폭우를 동반한 이번 사이클론은 지난 19일까지 200명이 넘는 사망자를 발생	news	news	
s0104	https://tiphana.com/173?category=781913	tiphana.com	대출일로부터 만기까지 안정적인 고정금리가 적용되어 많은 이들이 이용을 하고 있는 "보금자리론"에는 '원금상환 유예제도'라는 것이 있습니다. 이 제도는 어떤 경우에 어떻게 이용을 할 수 있는지 알아보도록 하겠습니다. 원금상환유예제도 본 제도는 신청기간 동안 원금상환만 유예 되며, 유예기간 동안에는 이자만 납부하게 됩니다. 	web_general	web_general	
s0105	http://www.newsm.com/news/articleView.html?idxno=19024	www.newsm.com	필라델피아 기쁨의 교회(담임목사 박성일)에서는 지난 9월 1일(토) 오후 7시에 박성일목사가 쓴 『C.S.루이스가 안내하는 순례자의 길: 본향으로의 여정』출판기념으로 토크 콘서트를 열었다. 주제는 “본향으로의 여정: 철학이 묻고 신학이 답하다”였다. 철학자인 강영안 교수(현, 칼빈신학교 철학신학 교수)가 질문을 하고 신학	news	web_general	
s0106	https://www.chimi.kr/tag/%EB%8C%80%EC%9A%A9%EB%9F%89%20%EB%B3%B4%EC%A1%B0%EB%B0%B0%ED%84%B0%EB%A6%AC	www.chimi.kr	깔끔하고 이쁜 아이스크림 디자인의 스마트폰 대용량 보조배터리 ICEBang 리뷰! 1.잡설 안녕하세요. 오랜만입니다. 이번에 제가 리뷰하려고 하는 제품은 마치 아이스크림이 연상되는 스마트폰 보조배터리 ICEBang입니다! 사실 최대한 빨리 리뷰해드리고 싶었지만, 배송에도 중간에 착오가 생겨 문제가 있었고....게다가 블로	web_general	community	
s0107	https://typesinvestment.com/10c/%EC%9E%90%EC%98%81%EC%97%85%EC%9E%90%EC%A0%80%EA%B8%88%EB%A6%AC%EB%8C%80%EC%B6%9C	typesinvestment.com	격전 심사한다 신청 무너졌다 의류주 내린 체크하자 쏘나타 규제에 리커창 닥치나 대구은행신용대출자격조건 JT친애저축은행 교육공무원저금리부채통합 전년비해 재직 2등급신용대출 자영업자저금리대출 정책전환 노하우는 중소기업 실효적이다. 증가세도 1등급햇살론자격조건 아시아타임즈 주택연금 앞으로 자영업자저금리대출 4조원 타이밍에 금융	web_general	web_general	
s0108	http://newsm.net/news/article.html?no=25419	newsm.net	포항시립미술관은 오는 14일 오후 4시 미술관 로비에서 현대미술 기획전시 《포에틱 딕션 Poetic Diction》과 포항시립미술관 소장품 전시 《2019 소장품전 Poma Collection》 개막식을 개최한다. 《포에틱 딕션》 전시는 포항시립미술관 개관 10주년을 맞아 현대미술에서 매체기술과 미술의 융합 현상을 살펴보	news	news	
s0109	http://jp.realcoco.com/product/detail.html?product_no=8399&cate_no=58&display_group=1	jp.realcoco.com	PLEASE SELECT THE DESTINATION COUNTRY AND LANGUAGE : |블링프릴블라우스| |절제된 섹시미 폭발 블라우스| |판매가||29,900원| |상품코드||P0000MLA| |색상| |사이즈| (최소주문수량 1개 이상 / 최대주문수량 0개 이하)사이즈 가이드 |무이자할부||  할인가가 적용된	web_general	web_general	
s0110	https://clickgame.tistory.com/entry/%ED%94%8C%EB%9E%98%EC%8B%9C%EC%B4%9D%EA%B2%8C%EC%9E%84	clickgame.tistory.com	※ 게임이름 : COWBOY SCHOOL ※ 게임 제작사 : BOX10 ※ 게임 종류 : 액션슈팅게임 ※ 게임 조작 : 마우스 및 스페이스바(장전) ※ 게임 설명 : 이게임은 카우보이 시대(서부시대)를 배경으로 한 플래시총게임 입니다. 게임의 이름은 카우보이스쿨이라하여 아마도 게임내에서 카우보이를 육성하는 혹은 총질을 가	blog	web_general	
s0111	https://www.hampyeong.go.kr/mayor/contentsView.do?pageId=mayor28	www.hampyeong.go.kr	우리군민의 모든 소리에 귀 기울이겠습니다. 건전한 인터넷 홈페이지 문화 정착을 위해 실명제를 실시하고 있으며, 본 게시판에 등록하신 작성글에 대해서는 본인 이외의 타인에게는 비공개하고 있음을 알려드립니다. - 01군 민 ‘군수에게 바란다’ 민원신청 - 02군민소통실 민원내용 확인 및 해당부서 지정 - 03해당부서 내용(사	web_general	web_general	
s0112	https://www.news1.kr/articles/?4060035	www.news1.kr	|2020 신한은행 SOL KBO리그 선두 경쟁이 뜨겁다. © 뉴스1| 프로야구 우승 경쟁이 점점 뜨거워지고 있다. 역사에 남을 경쟁으로 치닫는 중이다. 지난 15일 열린 2020 신한은행 SOL KBO리그 5경기에서 7~10위 하위권 4개 팀이 승리하면서 선두권이 더욱더 촘촘해졌다. 여기에 4위였던 두산 베어스가 선두 	news	web_general	
s0113	https://www.asiae.co.kr/article/2020092114332241256	www.asiae.co.kr	김익성 동덕여대 교수·한국유통학회 명예회장 ‘라이브 커머스’가 새로운 유통채널로 각광받고 있다. 라이브 커머스는 동영상 스트리밍과 이커머스를 합성한 용어이다. 포털부터 인스타그램·유튜브·페이스북 같은 소셜네트워크서비스(SNS)에서 인기 있는 방송 진행자인 인플루언서들이 소비자들과 방송을 통해 직접 소통하며 상품을 판매하고	news	news	
s0114	https://www.yeoju.go.kr/history/jsp/Theme/Theme.jsp?BC_ID=f0333	www.yeoju.go.kr	□ 소재지 : 여주시 하거동 여주읍 하거리 대포산에 있다. 본래 원당사지(願堂寺址)가 있던 곳으로 알려지고 있다. 원당사는 통일신라시대 창건된 이후 조선 말기에 폐사된 것으로 전해진다. 현 대법사는 1971년 창건된 신생 사찰로 태고종(太古宗)에 속한다. 현 주지인 대원(大元) 스님이 대웅전과 요사채를 짓고 법맥을 이었다	web_general	web_general	
s0115	https://blog.solaris.co.kr/category/security/%ED%95%B4%ED%82%B9%20%EB%B3%B4%EC%95%88?page=2	blog.solaris.co.kr	security/해킹 보안(72) 2014 최신해킹 기술 및 보안 세미나 자료집 2014년 11월 6일 부산에서 진행된 최신 보안 세미나 자료집입니다. 암호는 세미나에서 알려드린 패스워드와 동일 입니다. 그럼... BACKBOX을 활용한 침투테스터와 모의해킹 후기 출판사 : 에이콘 출판사 가격 : 15000원 페이지 : 	blog	web_general	
s0116	http://o-dokdo.com/gnuboard4/bbs/board.php?bo_table=01_02&wr_id=677&sfl=&stx=&sst=wr_hit&sod=asc&sop=and&page=1	o-dokdo.com	기시다 후미오(岸田文雄) 일본 외상은 7일 독도에 대해 “역사적 사실에 비추어 보거나 국제법상으로도 명백한 일본 고유의 영토”라는 종래의 입장을 담고, 한국에 대해 “자유, 민주주의, 기본적 인권 등 기본적 가치와 이익을 공유한다”는 문구를 삭제한 2015년판 외교청서를 국무회의에 보고했다고 일본 NHK 방송이 보도했다.	web_general	web_general	
s0117	https://photochips.co.kr/webbook/?idx=194	photochips.co.kr	포토칩스 전속모델 "다미" 첫만남에 이어 첫경험으로 어떻게 해야 할지 모르지만 촬영내내 므흣한 상상하며 은근슬쩍 흥분도 되면서 촬영을 했다고 야터뷰에서 이야기한 바 있습니다. 엉덩이에 점이 매력적인 다미양의 첫 화보를 공개합니다. 많은 관심과 사랑 부탁드립니다 ^^ Spec _ 넘버 VOL60 NO1 크기 3500 x 2	web_general	web_general	
s0118	https://www.newsis.com/view/?id=NISX20200923_0001176736&cid=10201	www.newsis.com	마트 개업축하 모임 통해 감염 전파 추정 [서울=뉴시스] 임재희 구무서 기자 = 수도권에서 발생하고 있는 신종 코로나 바이러스 감염증(코로나19) 산발적 집단감염의 여파로 증권회사와 마트 등 직장, 생활공간에서 확진자가 잇따르고 있다. |[서울=뉴시스] 전진환 기자 = 일일 신규 확진자 수가 110명을 기록하며 나흘만에 	news	news	
s0119	http://www.ted.com/talks/lang/ko/doris_kim_sung_metal_that_breathes.html	www.ted.com	Click on any phrase to play the video at that point.Close 어릴 때, 저는 차에 타기만 하면 창문을 열어야 하는 아이였어요. 차 안은 항상 너무 덥고, 비좁고 냄새도 많이 나죠. 제 부친은 에어컨을 쓰지 못하게 하셨어요. 그러면 차가 과열된다는 거였어요. 어떤 분들은 기억하시겠	web_general	ko_en_mixed	
s0120	http://www.myswitzerland.com/ko/about-switzerland/geographic-facts/regions/swiss-regions/basel-region-1.html	www.myswitzerland.com	여름 라인 강에서 수영 즐기기 라인강은 무역로로 쓰이는 중요한 수로이면서도 레크레이션을 즐기기에도 안성맞춤인 곳이다. 엄청난 수량의 라인 강은 환경적으로, 문화적으로 중요한 역할을 하고 있어서 다양한 방문자들과 거주자들에게 높은 문화생활 제공한다. 해가 나고 맑은 날에는 기온이 올라 온 도시가 따뜻하고 생기있게 변하는데 	web_general	web_general	
s0121	https://www.rotary.org/myrotary/ko/mitgliedschaftsmonat-anlass-aktiv-zu-werden	www.rotary.org	8월은 회원증강 및 확대의 달입니다. 클럽과 지구가 신입회원을 영입하고 회원들의 참여를 강화시킬 수 있도록 다음 사항들을 실천해 보세요. 강력하고 활기찬 클럽의 구축은 로타리 미래의 관건입니다. - 썬더클랩(Thunderclap)에 가입해 8월 마지막 날에 전세계와 강력한 회원증강 메시지를 나눌 수 있도록 지원한다. 썬더	web_general	web_general	
s0122	http://blog.naver.com/PostView.nhn?blogId=hyund7kjk&logNo=110116957615	blog.naver.com	- 저작권 침해가 우려되는 컨텐츠가 포함되어 있어 글보내기 기능을 제한합니다. 네이버는 블로그를 통해 저작물이 무단으로 공유되는 것을 막기 위해, 저작권을 침해하는 컨텐츠가 포함되어 있는 게시물의 경우 글보내기 기능을 제한하고 있습니다. 상세한 안내를 받고 싶으신 경우 네이버 고객센터로 문의주시면 도움드리도록 하겠습니다.	blog	technical	
s0123	http://www.germany.travel/kr/towns-cities-culture/towns-cities/historic-highlights-of-germany/heidelberg.html	www.germany.travel	사랑을 샘솟게 하는 도시, 세계적 명성, 도시 관광에 관한 한 국제적 에버그린. 바로 하이델베르크입니다. 알테브뤼케와 거대한 성 사이의 꿈결 같은 낭만, 특급 문화 행사와 기타 행사, 맛깔스럽고도 정성스런 음식 문화, 네커강과 오덴 삼림 사이의 탁월한 입지가 바로 그 핵심입니다. 매년 약 3백만명의 방문객을 맞이하는 하이	web_general	web_general	
s0124	http://www.p2i.com/ko/ion-mask	www.p2i.com	ion-mask™ 착용자의 눈에 보이지 않는 ion-mask™의 보호층은 사람 머리카락 두께의 1/1000보다 얇습니다. 이 기술은 제품의 표면 전체와 분자 결합되어, 제품의 외관이나 느낌에 영향을 주지 않고도 내구성을 크게 향상시킵니다. 또한 ion-mask™는 재질과 동일한 수명을 유지하며 일상적인 착용에도 영향을 받	web_general	technical	
s0125	http://blog.naver.com/PostView.nhn?blogId=lsw2848048&logNo=70119159497	blog.naver.com	- 저작권 침해가 우려되는 컨텐츠가 포함되어 있어 글보내기 기능을 제한합니다. 네이버는 블로그를 통해 저작물이 무단으로 공유되는 것을 막기 위해, 저작권을 침해하는 컨텐츠가 포함되어 있는 게시물의 경우 글보내기 기능을 제한하고 있습니다. 상세한 안내를 받고 싶으신 경우 네이버 고객센터로 문의주시면 도움드리도록 하겠습니다.	blog	technical	
s0126	https://ko.wikipedia.org/wiki/%EC%BA%A1%EC%82%AC%EC%9D%B4%EC%8B%A0	ko.wikipedia.org	캡사이신 |일반적인 성질| |IUPAC 이름||8-Methyl-N-vanillyl-trans-6-nonenamide| |CAS 번호||404-86-4| |PubChem| |ChemSpider| |물리적 성질| |열화학적 성질| |안전성| 지용성의 무색의 결정으로 알코올에는 녹기 쉽지만 냉수에는 거의 녹지 않는다. 섭취하면	encyclopedia	ko_en_mixed	
s0127	https://ko.wikipedia.org/wiki/%ED%82%A4%EC%8B%9C%ED%8C%80_%EC%82%AC%EA%B3%A0	ko.wikipedia.org	키시팀 사고 키시팀 사고(러시아어: Кыштымская авария, 영어: Kyshtym disaster)는 1957년 9월 29일 구 소련의 마야크 재처리 공장에서 일어난 방사능 오염 사고이다. 이 사고는 국제 원자력 사고 척도에 6단계인 대사고 등급을 기록했으며, 체르노빌 원자력 발전소 사고와 후쿠시마 제1 원자력 	encyclopedia	ko_en_mixed	
s0128	http://googlekoreablog.blogspot.com/2014/10/startup-networking-event.html	googlekoreablog.blogspot.com	2014년 10월 13일 월요일 작성일: 2014년 10월 13일 월요일 안녕하세요. 구글코리아 이상현입니다. 다가오는 2014년 10월 22일, 구글 창업지원팀(Google for Entrepreneur)에서 주최하는 다양한 분야의 스타트업 창업가와 교류할 수 있는 소셜 네트워킹 이벤트가 진행됩니다. 지난 해 이벤트에서	blog	web_general	
s0129	https://khima.or.kr/board/board.php?bo_table=01notice&wr_id=1422	khima.or.kr	페이지 정보작성자 관리자 작성일20-06-04 11:08 조회377회 본문 중앙노인보호전문기관은 노인복지법 제39조5에 의거 설립되었으며, 보건복지부 위탁기관으로 노인학대 예방과 노인인권 보호를 위한 사업을 진행하고 있습니다. 오는 6월 15일은 “노인학대 예방의 날”로 국가가 정한 법정기념일로 노인학대의 심각성을 알리고	web_general	web_general	
s0130	http://www.cpbc.co.kr/CMS/newspaper/view_body.php?cid=382381&path=201107	www.cpbc.co.kr	2000년 외국 성인명 표기법 바뀌었으나 아직도 종전 표기 사용 많아 혼란 "이름은 하나인데 별명은 서너 개~♬" 가족마다 동생 별명을 다르게 부른다는 동요 '개구쟁이 내 동생'의 한 소절이다. 별명은 아니지만 이 동요처럼 이름이 두 세 개인 사람들이 있다. 바로 가톨릭 신자들이다. 신자들은 외국 성인들 중에서 세례명을 	web_general	web_general	
s0131	http://www.wowtv.co.kr/TotalSearch/Mariner/Index?searchTerm=%EB%B2%95%EC%95%88	www.wowtv.co.kr	32,575건의 뉴스가 검색 되었습니다. 지난 주요뉴스 한국경제TV에서 선정한 지난 주요뉴스 뉴스썸 한국경제TV 웹사이트에서 접속자들이 많이 본 뉴스 한국경제TV 기사만 onoff - "오래 살수 있어 5천 더 줬는데" 등록임대 세입자들 '불안'(종합) 2020-07-12 18:25:46 법안을 발의했지만 사유재산권 행사	web_general	news	
s0132	http://www.channelnews.kr/news/articleList.html?sc_sub_section_code=S2N80&view_type=sm	www.channelnews.kr	UPDATE : 2020.7.13 월 17:47 처음으로 로그인 회원가입 지면보기 트위터 페이스북 RSS 기사검색 안전 생활안전 식품안전 산업안전 소방안전 교통안전 안전서포터즈 복지 청소년복지 노인복지 복지관소식 다문화복지 장애인복지 취약계층 우리 이웃 뉴스 사회 경제 정치 교육 환경 과학 국제 하이테크 기업탐방 신제품 	news	web_general	
s0133	http://m.kmib.co.kr/view.asp?arcid=0924097666&code=14130000&sid1=lif	m.kmib.co.kr	추석연휴 과음 돌연사 위험 ‘휴일 심장증후군’ 조심하세요 평소보다 많은 알코올·고열량 섭취 부정맥 등 심혈관계 이상 증상 불러 입력 2019-09-12 04:03 수정 2019-09-15 18:05 추석 연휴가 사실상 11일 오후부터 시작됐다. 최근 음주운전에 대한 처벌이 강화돼 연휴 기간 음주에 각별히 신경써야 한다. 	web_general	news	
s0134	https://1boon.daum.net/realcast/20200703_1	1boon.daum.net	뷰 본문 오피스텔도 한강 조망 여부에 따라 수억 원의 시세 차이가 발생하는 것으로 조사됐습니다. 국토부 실거래가 시스템에 따르면 지난해 1월 입주한 강남구 청담동 ‘더리버스청담’(36실) 전용 45㎡는 올해 2월 14억 5,000만원에 실거래가 됐습니다. 반면, 비슷한 시기 입주한 청담동 ‘아노블리81’(81실, 2018	web_general	web_general	
s0135	http://search.hankyung.com/apps.frm/search.news?query=%EC%9C%A0%ED%95%B4%EC%A7%84&page=707	search.hankyung.com	전체뉴스 7061-7070 / 7,122건 - 최신순 - 정확도순 - 과거순 - [인사] 국세청 <고위공무원> ▷국세청 법인납세국장 丁炳春▷〃 근로소득지원국장 金昌煥▷광주지방국세청장 金正民▷서울지방국세청 조사2국장 王基賢 <과장급> ▷국세청 근로소득지원국 소득지원과장 權奇龍▷〃 〃 소득관리1과장 李運昌▷〃 〃 소득관리2과	news	news	
s0136	https://blog.ulsan.go.kr/8213?category=617791	blog.ulsan.go.kr	지난 토요일 태화강 둔치에서 열린 2018 틴즈페스티벌 ! 먼저 틴즈페스티벌은 지난 12년간 매년 6월 둘째 주에 열리는 청소년 축제입니다. 틴즈 페스티벌은 다른 축제들과 달리 이윤을 내는 것이 목적이 아니라 울산 청소년들만의 축제를 열어주기 위함이 목적입니다. 울산 청소년들에게 꿈과 비전을 심어주는 10대들의 둥지! 달	blog	blog	
s0137	https://www.asiae.co.kr/article/2016052310542853952	www.asiae.co.kr	[아시아경제 심나영 기자]삼성중공업이 이르면 24일 추가 자구안을 주채권 은행인 산업은행에 제출할 것으로 알려졌다. 23일 조선업계에 따르면 이번 2차 자구안에는 삼성중공업의 유동성 확보를 위해 비핵심 자산을 추가로 매각하는 내용 등이 포함될 것으로 전해졌다. 삼성중공업에서 외부에 맡겨 운영하는 사우매장(직원들이 공산품을	news	news	
s0138	http://www.jbnews.com/news/articleView.html?idxno=1262389	www.jbnews.com	범죄 의혹으로 자택을 압수수색당하면서 수사하는 검사에게 전화를 통해 "신속하게 해 달라"고 말할 수 있는 국민은 과연 몇이나 될까. 조국 법무부장관은 자신의 이런 행동이 논란이 되자 "아내가 염려돼서 그랬다. 이것은 인륜의 문제"라고 말했다. 지난 9월부터 한달 간 조국 법무부장관의 가족 관련 비리가 터져 온나라가 술렁이	news	news	
s0139	http://dbcas.co.kr/index.html?menuno=250&bbsno=351&boardno=653&ztag=rO0ABXQANjxjYWxsIHR5cGU9ImJvYXJkIiBubz0iNjUzIiBza2luPSJvc2FuX25vcm1hbCI%2BPC9jYWxsPg%3D%3D&siteno=17&act=view	dbcas.co.kr	"2018 스피드심사15기 입문과정" DBCAS 스피드심사15기 입문과정을 시작하였습니다. 11월 12일 ~ 12월 07일까지 진행되는 해당 과정은 DBCAS의 회사제도,문화에 대한 이해로 소속감을 증진시키며, 직무와 관련된 교육을 받으며 직무를 이해하고 기초 심사역량을 키우는 과정입니다. 첫날과 둘쨋날은 교육생 자기소개	web_general	web_general	
s0140	http://www.techholic.co.kr/news/articleView.html?idxno=187146	www.techholic.co.kr	[테크홀릭] 제주항공(대표이사 이석주)이 호주 제트스타 에어웨이즈와 공동운항(Code Share)으로 내달 8일부터 인천~호주 골드코스트 노선에 주3회 일정으로 신규 취항한다. 공동운항은 한 항공사가 실제 항공기를 운항하는 파트너 항공사의 좌석 일부에 대해 자신들의 편명을 부여해 직접 마케팅하고, 판매하며 노선과 운항횟수	web_general	news	
s0141	https://kin.naver.com/qna/detail.nhn?d1id=8&dirId=8030204&docId=291096793	kin.naver.com	홈케어로 좋아질수있는 방법 없나요 끝이 갈라지기보다는 머리가 탄것처럼 되있어서 짜르는 방법말고 부드러워 질수있는 방법 뭐가 있을까요 ㅠㅠ - 질문수75 - 채택률55.6% - 마감률55.6% 답변 불가 레이어 현재 활동이 보류된 상태입니다. 이 상태에서 답변할 경우 일반사용자 답변으로 등록되며, 전문가답변으로 등록하시려면	web_general	community	
s0142	http://news.unn.net/news/articleList.html?page=11&total=6049&sc_section_code=&sc_sub_section_code=S2N72&sc_serial_code=&sc_area=&sc_level=&sc_article_type=&sc_view_level=&sc_sdate=&sc_edate=&sc_serial	news.unn.net	[한국대학신문 조영은 기자] 동서대학교(총장 장제국)가 10월 1일부터 4일까지 부산국제영화제와 공동으로 제6회 아시아대학생영화제를 개최한다.아시아대학생영화제는 영화 대학들 간 문화 교류를 통해 아시아의 영화 인재를 발굴하고 양성하기 위해 열리는 것으로 한국･중국･일본의 여러 대학들이 협의체를 이뤄 운영한다.올해 영화제에	news	news	
s0143	http://news.unn.net/news/articleView.html?idxno=215986	news.unn.net	여름방학이다. 대학 수시모집 2개월여 앞둔 고3 학생들은 어떤 대학과 전공을 지원하고 선택해야 할지 고민하는 시기이기도 하다. 특히 전문대학 진학을 염두에 둔 학생들은 답답한 심정일 것이다. 일반대학(4년제)에 대한 입학정보는 넘칠 정도로 많고 상담할 곳도 많은데, 전문대학 입학정보나 안내는 부족하기 때문이다. 전문대학도	news	news	
s0144	https://content.v.kakao.com/v/cZyiu6ZxbK	content.v.kakao.com	숙취해소제 효과에 대해 우리가 몰랐던 사실! 그런데 말이죠. 숙취해소제들이 정말로 숙취를 해소해줄까요? 조사해보니 약간 배신감이 드는 기분인데요. 지금부터 숙취해소제의 진상을 낱낱이 밝혀보겠습니다. 숙취해소제는 사실 '일반식품' 시중에서 구할 수 있는 숙취해소제에는 헛개나무, 오가피, 녹차 등의 성분이 들어있어요. 아세트	web_general	web_general	
s0145	https://www.fosco.edu.gh/vendor-news/	www.fosco.edu.gh	C1000-128 Exam Dumps C1000-128덤프공부자료 & IBM C1000-128시험대비덤프자료 - C1000-128덤프공부문제 - Fosco IBM C1000-128 This Week Result They can't be wrong Score in Real Exam at Testing Centre Quest	web_general	ko_en_mixed	
s0146	https://www.peoplepower21.org/index.php?mid=Welfare&category=160587&document_srl=1679819&listStyle=list	www.peoplepower21.org	[언론기고] “유치원 3법, 아직도?” 새삼 놀라운 세 가지 사실 - 아동가족정책 - 2019.10.28 (11:30:11) - 184 2018년 국정감사에서 전국 17개 시도교육청 감사 결과 비리 혐의가 적발된 유치원의 실명이 공개됐다. 아이를 믿고 맡겼던 유치원에서 일상적으로 비리가 발생하고 그 피해를 고스란히 아이들	web_general	news	
s0147	https://www.yna.co.kr/view/AKR20210721138951074	www.yna.co.kr	"국영기업보다 먼저 발표"…마윈, 지난해 기부액 중국기업가中 최고 (홍콩=연합뉴스) 윤고은 특파원 = 중국 정부가 자국 빅테크 기업들에 대한 규제를 강화하는 가운데, 이들 기업이 최근 허난(河南)성에서 발생한 물난리 구제를 위해 앞다퉈 기부에 나섰다. 21일 홍콩 사우스차이나모닝포스트(SCMP)에 따르면 알리바바그룹과 자	news	news	
s0148	http://tsbuild.co.kr/sub1_c1	tsbuild.co.kr	태성빌드를 찾아주신 고객님께 다시 한 번 감사의 말씀을 전합니다. 저희 태성빌드는 2000년 설립 이래 20년간 지속적으로 성장해왔습니다. 태성 빌드만의 독보적인 자부심인 특허 공업법(외벽 중 단열 일체화 공법)을 바탕으로 창조적인 공간을 건설하는 건축기업이며, 축적된 경험, 전문성, 노하우를 기반으로 완벽한 결과물을 만	web_general	web_general	
s0149	https://kin.naver.com/qna/detail.nhn?d1id=7&dirId=710&docId=393739857	kin.naver.com	- 질문수281 - 채택률95.6% - 마감률97.5% 비공개 답변 취업 여부 상관없이 지원 받을 수 있습니다 자가격리 생활지원금은 자가격리가 해제된 후 신청인의 거주지 주민센터에서 신청하면 됩니다 주민등록상에 가구원수를 기준으로 지급됩니다 준비 서류 : 신분증, 통장 사본, 자가격리 통지서 단, 사업주로부터 유급휴가를 	web_general	web_general	
s0150	https://srw.kr/529	srw.kr	티스토리 뷰 728x90 반응형 언제 시간내서 한 번쯤 봐야지... 하면서 미뤄두다가, 최근에야 영화 타인의 삶을 보게 되었습니다. 삶에 대하여, 여러가지 내용을 담고 있는 영화라서, 이런 류의 영화를 좋아하는 분이라면 한 번 쯤 시간내서 보더라도 후회는 없으리라 생각합니다. 국내에서나 해외에서나 높은 평가를 받고 있는 	web_general	blog	
